{
    "$schema": "http://schema.management.azure.com/schemas/2015-01-01/deploymentTemplate.json#",
    "contentVersion": "1.0.0.0",
    "parameters": {
        "location": {
            "type": "string"
        },
        "resourceGroup": {
            "type": "string"
        },
        "bastionHostName": {
            "type": "string"
        },
        "subnetId": {
            "type": "string"
        },
        "bastionHostSku": {
            "type": "string"
        },
        "bastionHostScaleUnits": {
            "type": "int"
        },
        "enableIpConnect": {
            "type": "bool"
        },
        "enableTunneling": {
            "type": "bool"
        },
        "publicIpAddressName": {
            "type": "string"
        }
    },
    "resources": [
        {
            "apiVersion": "2020-08-01",
            "type": "Microsoft.Network/publicIpAddresses",
            "name": "[parameters('publicIpAddressName')]",
            "location": "[parameters('location')]",
            "sku": {
                "name": "Standard"
            },
            "properties": {
                "publicIPAllocationMethod": "Static"
            },
            "tags": {
                "Team": "Bastion"
            }
        },
        {
            "apiVersion": "2020-11-01",
            "type": "Microsoft.Network/bastionHosts",
            "name": "[parameters('bastionHostName')]",
            "sku": {
                "name": "[parameters('bastionHostSku')]"
            },
            "location": "[parameters('location')]",
            "dependsOn": [
                "[resourceId(parameters('resourceGroup'), 'Microsoft.Network/publicIpAddresses', parameters('publicIpAddressName'))]"
            ],
            "properties": {
                "enableIpConnect": "[parameters('enableIpConnect')]",
                "enableTunneling": "[parameters('enableTunneling')]",
                "ipConfigurations": [
                    {
                        "name": "IpConf",
                        "properties": {
                            "subnet": {
                                "id": "[parameters('subnetId')]"
                            },
                            "publicIPAddress": {
                                "id": "[resourceId(parameters('resourceGroup'), 'Microsoft.Network/publicIpAddresses', parameters('publicIpAddressName'))]"
                            }
                        }
                    }
                ],
                "scaleUnits": "[parameters('bastionHostScaleUnits')]"
            },
            "tags": {
                "Team": "Bastion"
            }
        }
    ]
}