{
    "$schema": "https://schema.management.azure.com/schemas/2015-01-01/deploymentParameters.json#",
    "contentVersion": "1.0.0.0",
    "parameters": {
        "location": {
            "value": "westeurope"
        },
        "resourceGroup": {
            "value": "Bastion-Testing"
        },
        "bastionHostName": {
            "value": "BastionVM"
        },
        "bastionHostSku": {
            "value": "Standard"
        },
        "bastionHostScaleUnits": {
            "value": 2
        },
        "enableIpConnect": {
            "value": false
        },
        "enableTunneling": {
            "value": false
        },
        "subnetId": {
            "value": "/subscriptions/a0f1457f-1741-4900-b46d-f66331f15883/resourceGroups/Bastion-Testing/providers/Microsoft.Network/virtualNetworks/Bastion-Testing-vnet/subnets/AzureBastionSubnet"
        },
        "publicIpAddressName": {
            "value": "Bastion-VM-ip"
        }
    }
}